{"cameraMode":{"drawMode":0,"name":"Shaded","section":"Shading Mode"},"sceneLighting":true,"audioPlay":false,"sceneViewState":{"showFog":true,"showMaterialUpdate":false,"showSkybox":true,"showFlares":true,"showImageEffects":true,"showParticleSystems":true},"in2DMode":false,"pivot":{"x":-0.18806427717208863,"y":1.187770128250122,"z":6.773756980895996},"rotation":{"x":-0.017688482999801637,"y":-0.01109545212239027,"z":-0.00019629381131380796,"w":0.9997820258140564},"size":9.752728462219239,"orthographic":false}