{"cameraMode":{"drawMode":0,"name":"Shaded","section":"Shading Mode"},"sceneLighting":true,"audioPlay":false,"sceneViewState":{"showFog":true,"showMaterialUpdate":false,"showSkybox":true,"showFlares":true,"showImageEffects":true,"showParticleSystems":true},"in2DMode":false,"pivot":{"x":-0.4002532958984375,"y":1.1502580642700196,"z":0.024209022521972657},"rotation":{"x":0.012303521856665612,"y":0.034487541764974597,"z":-0.0004238575347699225,"w":0.9993293285369873},"size":4.096168041229248,"orthographic":false}