{"cameraMode":{"drawMode":0,"name":"Shaded","section":"Shading Mode"},"sceneLighting":false,"audioPlay":false,"sceneViewState":{"showFog":true,"showMaterialUpdate":false,"showSkybox":false,"showFlares":true,"showImageEffects":true,"showParticleSystems":true},"in2DMode":false,"pivot":{"x":-0.040534622967243198,"y":1.3569321632385255,"z":0.042298682034015658},"rotation":{"x":0.19486558437347413,"y":-0.4955095052719116,"z":0.11514511704444885,"w":0.8385936617851257},"size":0.5616700053215027,"orthographic":false}