{"cameraMode":{"drawMode":0,"name":"Shaded","section":"Shading Mode"},"sceneLighting":true,"audioPlay":false,"sceneViewState":{"showFog":true,"showMaterialUpdate":false,"showSkybox":true,"showFlares":true,"showImageEffects":true,"showParticleSystems":true},"in2DMode":false,"pivot":{"x":-0.5186539888381958,"y":0.5337694883346558,"z":-1.841721773147583},"rotation":{"x":-0.015205972827970982,"y":0.9847314357757568,"z":-0.1280524879693985,"w":-0.11694186925888062},"size":2.9955615997314455,"orthographic":false}