{"cameraMode":{"drawMode":0,"name":"Shaded","section":"Shading Mode"},"sceneLighting":true,"audioPlay":false,"sceneViewState":{"showFog":true,"showMaterialUpdate":false,"showSkybox":true,"showFlares":true,"showImageEffects":true,"showParticleSystems":true},"in2DMode":false,"pivot":{"x":-2.692946672439575,"y":2.075232982635498,"z":-0.48687171936035159},"rotation":{"x":0.0022603741381317379,"y":0.9948141574859619,"z":-0.09912168979644776,"w":0.022686533629894258},"size":9.792285919189454,"orthographic":false}